New SKU,Warehouse Location
60317858,A2
62409025,F14
62378835,C2
60636992,E6
61788007,E8
61788017,C16
60739272,C10
62409032,A2
59326743,D0
61788018,A18
61787971,C12
62378833,D14
62378834,E6
61788006,B10
60739273,F16
61787924,B14
60379950,C0
60730169,B2
62409027,A10
62409028,C2
60907096,E12
61788003,D0
61788016,F18
61788014,E4
61787922,D12
60636981,D10
61787985,A0
61788000,E10
62378836,D4
61787926,B12
60636985,B12
62167982,E16
60379946,C8
61652211,D2
61788005,E0
60636994,C18
60907099,D14
60636993,A0
61787999,B10
61787986,E8
61269068,A6
60636986,F14
61787997,A0
61134695,D10
61788004,A18
61619842,A0
61787998,B0
61950781,F4
63149897,A14
63149896,D2
61995457,C6
61950776,E10
60379958,A18
60379953,D14
61269070,E12
63149895,E14
60970947,E16
60846461,F16
62249455,D18
60583831,B4
62387153,A12
62387139,A8
60739266,B12
62387146,B16
62387162,C14
62249454,E8
61269061,C0
59688671,C12
62387133,F10
61788015,E14
60907097,A8
62249458,C6
59284113,D4
60970936,B4
60379937,E2
63149885,E10
61787923,F10
62387132,E6
61269079,D12
62387152,B2
61787925,D8
61995502,A8
62409026,E0
60618221,D4
60739264,E10
62387135,F18
62124199,F18
62249453,E6
61950777,F12
62387134,B8
63149888,A10
61269059,D0
61250870,C4
62338685,F6
61373219,D14
62387158,E18
62124203,E18
61269062,F12
61787927,B2
62167980,A12
60898645,F8
60970937,D6
59860006,A16
60379945,B18
62387160,A4
61462085,E14
61269076,C2
59294062,E0
61230577,C4
60379960,A10
61269072,D8
61950778,D2
60970930,C18
62571644,F2
61269058,E12
60739263,C10
61995501,F10
62176154,B8
60907133,A16
59294043,B0
61462077,D2
61462088,D10
61462083,B16
60840947,E0
62387157,F10
62387163,E18
62387161,E10
61674205,A8
62387155,A16
59301864,B0
62176153,F8
63149899,A0
61995459,F6
62124201,D8
61995451,C16
62387141,F0
59326786,C16
62387136,B16
59363088,B12
60618232,E12
63149887,E10
61774002,E0
63149886,B2
62387138,A10
59459603,D18
62176197,B8
62124204,C18
60379944,A18
60739280,B8
62124200,C18
59320722,C2
61995446,B12
62218542,A16
60907100,F14
60778261,A10
61269060,C6
62083060,F16
60379947,D0
61462092,F0
60970923,F8
62571643,B12
59305286,D0
62454009,B2
63149898,A16
60379951,E18
63149877,B18
62387147,D2
60656288,B0
63149889,F16
63149902,A6
59288346,D18
61995448,C4
62462427,B16
62124202,D18
60970926,A14
62444558,F4
60907101,F14
61230571,A10
62415445,C18
60739278,A12
61950782,F6
60778262,C2
62176158,C12
60970962,C2
60692971,D14
63149904,B14
60907120,F10
59310637,E6
63149901,D14
60637005,A8
60637004,B14
61995450,A4
62083062,F18
62124227,D10
61774003,E4
59818460,A0
61462081,A18
60879233,F4
60970914,E14
62415454,C2
59972164,B2
61462089,E10
60379948,F2
62387159,E14
62387156,C6
62571642,F18
60379928,C18
61269064,B8
62747562,C2
60907137,B10
59307097,E8
59285096,D0
59282688,A2
62249452,A16
60970925,A6
63149872,F0
59309894,F12
62454024,E14
63149890,A6
60778259,E16
60907123,D6
59310450,B6
62415433,B12
62898954,F8
62462395,E14
62462428,B2
61259767,E12
59283742,B0
60794716,F4
61269085,D0
62176160,B4
62022641,D6
61787934,C16
62415432,A12
62409005,D16
62387154,B14
62176159,B4
60879236,B14
60970935,C0
62699837,E10
61674204,A0
61269081,F6
61871268,F18
62747570,A6
62571641,F2
59459586,E12
61871270,C14
59818464,A16
62415436,E4
62409009,A10
62409006,A0
59278889,E4
59327894,B18
62083063,E12
60970960,A18
62124233,C6
61269065,C12
60379956,A0
62454005,C8
60692983,B16
61619848,F0
60970920,C14
62176163,D14
60907098,C16
61462078,E0
62454029,C6
60907134,A6
61995449,B0
62387137,A16
61871266,E10
62415434,A8
62409022,F12
62031014,E12
62249459,E4
60379959,C12
60778275,E14
61205509,D4
61774007,A4
60692980,B2
61230576,D4
59297598,C14
61269078,C8
61425083,C8
61787930,F14
59304071,B12
61425089,D16
60692991,F12
60241929,A14
62409021,A4
62409004,F14
61462079,D12
62747560,B12
59307188,D16
59363086,E14
61619840,E4
60379936,A6
61269066,B10
60692994,A6
60907122,E4
62454030,C10
62764318,B16
62747559,B10
60907121,D0
62747557,D6
60739275,F6
60828068,A12
62409008,A0
61002127,E18
61851894,D16
62054504,B8
60970932,C16
62454010,B16
60778267,D6
62764327,E14
62193829,C18
59364401,B2
59972163,D16
62747563,F4
61269082,E8
62218536,F10
62409007,B12
59293619,F18
59300771,B10
62176151,B16
59326429,C10
60379954,E12
60637006,F8
60637010,A18
61373218,D6
60379940,C0
61373220,F12
62453998,A16
62176162,A8
59325863,F14
60637027,E4
61269083,C2
60778266,F18
60656292,A12
62176152,F2
61269075,B12
62022645,C0
62804981,D0
59688659,A14
61269063,E8
60778272,A16
61269080,E8
59294056,C10
60379952,F8
61373217,D2
60870289,E10
61112062,C14
62804979,E14
62387140,E12
62387142,D14
62387145,F2
59305292,B16
61871262,E8
59331198,C6
59546546,F16
59326947,D18
62454021,F12
59309253,B14
59306279,F18
60778263,B10
59719919,A14
61674203,E2
61871264,E18
62747566,B4
62176164,C14
59331160,E18
62124211,A0
62764308,D0
61259771,B8
62083064,F0
60379938,D8
62409020,F10
62409010,A0
60692985,A4
61871253,D4
59325862,D6
62176157,F10
59293617,A10
59327940,E12
61205554,F8
59654801,B2
59385531,A12
60778268,D14
61269077,E6
62699834,B4
62699838,F0
60637003,C8
60637000,C6
60898644,B10
62022643,A12
59305283,E4
61425082,A4
62747567,E12
59328244,E16
61205549,D16
62117116,B14
60379939,A14
60344173,C12
60778258,D6
59326862,F12
62898963,D10
62454035,F14
59331287,C14
61002135,C6
59537410,E2
61871258,E2
62747565,C14
61082076,F10
61023892,D2
62747573,B4
61425092,C6
61871260,A0
60778269,A0
59327922,C10
62747568,E12
60828070,F14
60344168,D12
59328001,C16
59306460,B6
60721772,D10
61023893,E16
61871256,D0
59306995,E10
59307027,E0
62821758,D4
62804989,D8
61898005,A2
61160969,A8
60618227,A10
60870283,D16
62804988,B6
60656286,C4
62821757,C18
61851895,E6
59276564,F12
62890775,A6
63020029,B0
59654798,C0
62764316,E0
61787967,F10
62747558,E16
62898973,D18
59422660,C10
60757350,C14
59331290,B12
62804987,A14
61425106,A16
61525202,A14
60778260,F6
59310068,F0
63149905,A8
59307024,D16
60692992,D8
60618218,F12
61160962,A18
60870290,B2
59325867,B2
62764312,D4
62124226,E0
59972162,B14
59972161,A8
62747575,C2
62764278,A18
61851892,B0
61160960,B16
60692995,C8
62764307,A2
61170943,E10
61160972,D14
#N/A,C10
62764331,E12
62898967,B2
62710318,B12
#N/A,E2
59294046,B10
62348194,C12
62804982,B10
61082078,E4
60379929,A10
59299657,E16
60840949,B18
59288833,D14
62022656,F2
60665652,B4
#N/A,D6
59305282,E18
60870286,F0
61787976,F2
62176185,F8
60870288,C0
62462425,B8
61796862,C2
61851896,E16
62454002,C12
59329948,B2
61269067,A8
62764315,D18
62764324,F6
62764330,C6
62764311,F8
62764333,D6
62764274,D0
59295749,F12
60870281,E12
60379925,F8
59331266,A18
59299748,D18
59303557,B0
61250874,A12
60870280,B8
60499921,F2
59298679,B2
59327895,D0
59364273,F16
62083061,F8
60870291,B0
62699836,D10
62898972,E10
61023880,E10
62764319,F6
62454001,E12
62898955,D12
62425878,E18
62425880,B2
61652206,E2
62022650,A10
60594778,F8
61359004,D0
62332580,F18
62898957,D2
60656285,D16
61170940,C10
61205547,A18
60665706,C6
60846460,B0
62332579,B0
61595895,D6
62454011,C18
62124225,F10
62898958,B12
59296324,E8
60692993,E6
60870279,B16
61170942,E8
60933151,A18
62462435,C14
62764309,D8
62764291,A12
59300487,A2
59310066,E6
61787968,F4
62099794,B2
62898971,F2
61851893,E18
62647532,C0
61796864,D14
61674213,F18
60665714,D4
60379926,F6
59302676,E10
60583840,D8
59363968,C10
62699835,D2
61170941,C6
60692988,E2
62332581,D0
62898956,C4
62124194,B8
60344171,F8
59297271,F0
62898968,F14
62764310,E18
60898642,B6
62804980,F4
60344169,D2
62764317,F6
61160974,E18
59363425,A0
62902623,A6
60955849,B10
60020314,B14
#N/A,F6
60870287,F4
60870282,A0
60870285,D6
61082077,E8
62830662,E18
62387166,F16
62176169,D0
61160976,E14
61002129,F8
61082079,C4
62764277,F14
60721771,F0
61287481,D12
60379955,D0
62030998,C0
60583839,F18
59300491,D12
60828069,F2
62425879,B18
62409017,E18
62409029,F6
62764326,F10
62764302,C18
61652209,D0
60064413,A8
59363969,E6
61742410,F2
61549832,F14
59301358,A6
59329639,F10
62747576,C14
59327057,A10
62764352,B14
62830668,E16
59288998,D12
60583843,E14
59972165,D4
59302436,C14
59303228,A18
62338684,C14
61595896,E10
59300489,A12
59325864,F2
62902630,A14
62218541,E16
62099793,E2
59688691,A2
62454025,C14
61259776,B10
61462093,A14
62117115,A4
61160977,F2
59299125,F8
62454014,D4
62454015,A8
59297273,A4
62454022,F16
62902620,D0
59327683,D14
59328216,E4
60241930,A16
61619844,F18
60665657,A16
60721779,B18
61525204,A6
61742391,E14
62764314,C16
61619845,A10
63041143,F16
62764292,F8
62332586,B6
59302438,E8
59305442,B6
61160966,A6
60583842,E6
59282434,A18
59328213,F18
62902627,A14
60846459,E16
59654799,E6
60870284,C2
62764293,E10
62764304,A12
62764332,E14
62764275,E18
60898643,D12
61160968,E8
62124197,F12
61160961,B0
59327685,E10
59328211,C6
61041183,E6
62830694,A18
62830671,D4
62332575,A18
62022647,F18
61995460,C18
62902626,B12
62902622,E10
59327939,A12
59292421,F10
61041184,B14
60379935,A2
60379924,E10
61674214,F10
62409016,D2
62409030,F2
62409015,D18
62409018,E10
62409012,C0
62409024,D8
62409014,E8
61525203,E6
60594790,A2
61160978,C18
61259765,F2
60241935,B0
60665711,E0
62902621,D10
62902616,A8
59302677,E12
61832356,E10
62647535,D8
62124193,C16
62764325,F10
60583841,C16
62830665,C10
61995484,F8
59846570,F16
61023897,D4
61425108,E6
62902633,D16
62902617,A16
60721778,F2
60379930,B6
61312065,B8
62099796,D18
61160970,B12
62099791,B2
61674206,A16
61160959,C18
61652208,E10
62022637,C0
62249462,B10
60665662,A2
#N/A,F6
61160963,D0
62699839,A18
62764329,B8
62830695,A10
60656289,C16
59299286,B18
62083065,E14
60721777,C8
60806568,C6
61160964,C12
60794713,B4
62022639,C0
59327215,C14
61002132,C2
59328214,D12
62830682,C16
60379961,B14
59297272,E18
62764323,F6
62764301,B8
61178701,B18
60955860,B4
62830660,C8
62830663,C14
60375174,E4
59818461,E14
62218543,D14
59308429,B10
60594779,E8
61995471,D0
61160965,C8
60846455,B4
60618235,F16
61160967,C0
59292422,A2
60846458,E8
62454026,B4
60331965,F10
60331963,F2
62454023,C10
60665708,B6
61995491,E0
62332585,C8
62099792,A16
59654802,B18
62898962,F12
60794708,C8
62902615,B12
59330750,B10
59328217,D12
59327681,C0
61549836,F12
61023898,B2
59363970,F10
60794709,B4
60594791,F6
59299287,B12
60898647,C6
61995504,A14
60618226,B10
60806563,A0
61241405,B6
60379932,F14
62764294,E10
62830659,E10
60933150,E2
59364402,D10
62647529,B10
59303949,E6
62124195,F18
61312066,E0
61160975,C8
61041170,E6
60955851,B18
61995492,C14
59364422,D14
61041175,E4
61041179,D14
61041180,D4
61425105,A6
60846457,A4
60583838,E4
59459587,B16
60656287,D6
61619841,F8
60794707,D12
61699687,E12
59309791,D14
59860011,D2
62898960,C16
62830679,C8
59297599,E8
59282432,D4
60375170,C12
60721780,F4
59305939,E2
60375169,D4
60846456,F8
62176177,D16
62830669,B4
61995453,D6
62830683,D10
59327682,D6
59328215,D12
62764313,C10
59292909,E12
59303333,E10
62732147,E6
59688694,C0
59310067,C8
62332578,B8
60379942,A0
62830639,A10
59860012,A14
59364418,B2
61023891,A4
61832318,D2
59293444,A0
59327684,F6
62249463,D10
61023881,D14
61787977,F12
59289156,E18
62898959,D18
60499931,C8
60499936,B18
60730170,B2
60730171,E10
61041173,C10
61125201,E0
62764276,D10
59303334,B0
62943619,A14
62830681,F0
60241924,A16
59331289,E10
59296212,D16
60379923,F0
62124234,A16
61809980,C4
61041169,D0
60955859,C10
59719921,E0
60757347,D6
61995470,B18
61995478,F12
59330763,E12
62830633,C18
62830687,F18
61069425,B16
60898646,B8
59293425,B10
59364421,B10
62689732,D0
59307944,F16
60204793,F12
61048740,F0
59293417,A10
61041177,D12
59719926,D12
60499934,C18
62599031,E6
59309792,D10
60511107,D18
61160973,C12
61995456,D2
62830696,D6
62830667,D14
61619846,C12
62124192,F14
61048739,E0
61041178,F8
62764303,B16
61312059,D14
60379934,C18
60379931,E4
60034110,C12
60049221,F10
60806572,F8
60379941,D10
62332582,D8
61041181,D18
61041174,D4
59321338,C14
61160971,B4
60219554,C2
61995474,B8
61425112,A18
59364415,E8
61674215,C12
61312057,F14
62176179,B4
60219555,F10
59309099,F6
59292908,C0
60499932,A14
59622830,B14
62830634,D16
60778276,C14
60379933,D14
61023890,C16
59289157,E16
61871275,D12
59294082,E2
60794700,C18
60794711,D4
61742416,A0
59309644,C2
61312060,F16
61871277,C6
61041171,D2
62830654,F2
61995480,B14
59287428,F14
60511109,F4
60757348,F18
61832310,B10
61871272,E10
59291167,E10
60375172,F4
60064417,F14
59363423,B8
61832313,B4
62176192,E12
59818462,F0
60778277,B18
59363567,F4
59309643,B10
#N/A,A16
59719925,B0
61995468,A12
61995488,A6
59688692,E14
59363143,E0
60721766,C6
62830653,D14
59302986,A2
60219557,E12
61312058,D2
60331966,F16
59331288,E0
61699688,E18
61832316,A10
61995479,A6
59328036,F16
61832328,D0
62022649,F0
60379927,A2
62409011,A14
61995469,D10
59302985,D8
61995475,B8
60898640,F18
60379949,B14
63064775,C2
61699686,D8
60511110,B12
60049225,E6
61041176,E16
59688688,A16
62830638,B16
62830632,A0
60778274,D4
61809978,D14
61188051,B2
61425111,C2
61134688,A12
59330786,A0
59305287,F18
59688666,E4
59459585,B18
60778264,C2
62668237,D6
59326091,C14
60794712,B4
62830651,C2
62218540,C6
59303119,D4
61041172,F18
61787975,A14
61312061,C12
60730160,F8
62176181,E14
62176193,C18
59364299,E18
62176199,C14
61995490,D18
60794690,F8
61425107,B18
59331269,A4
62511205,C0
60499930,D10
59310118,B14
59395801,B10
60778265,C2
60297228,A6
61549831,E8
62338688,D14
62176195,D16
59364278,F0
62511235,E18
60955857,B0
61425088,B4
60794704,B14
61995489,E6
61112063,E18
60806565,C18
61312064,D10
61134686,C0
60794698,C14
59309825,F0
60778273,F4
59363809,B8
59363928,E0
61787992,C14
61787994,F18
61787970,C0
60297227,F6
61425087,F2
60794703,D18
60730172,C8
62176161,E6
62176194,D16
62176198,D18
59743629,C10
59307250,B14
60241937,A12
60583833,E0
60499939,F6
61787974,A2
61787978,A2
59422661,E12
59330806,C0
62511204,E18
61995447,A18
59622829,E0
60992488,C14
60049224,A8
62511236,E16
59292971,C4
59299018,C14
61742394,A6
61742414,E0
60898673,C8
60297230,A14
62176176,A10
62176171,C10
60105858,A0
60856541,D6
60665680,F14
60105859,C2
59309859,A6
61134696,D12
59299679,B8
62176175,E6
60511111,A2
60511108,D14
59818447,A14
62176174,B10
61742405,B0
61134693,C12
60064419,C2
60933147,E4
61995442,A2
62176155,F4
59688704,E6
62454007,C10
60297236,F8
60806571,D14
62218545,F12
60241939,C2
59998144,E12
59618912,B14
59288906,D4
62176173,C16
59361254,E16
59363678,D4
59546551,D14
60499940,B16
61742401,E14
59309783,A16
61995476,A6
61749906,D16
61832325,F0
62176166,F8
59310588,D10
59302994,E12
59291389,A14
60806564,E10
60806567,B16
59364321,B14
59307190,B4
59327686,E12
60794693,D10
62454006,C18
60219556,B2
59546549,B0
60970963,F16
59546550,F8
61134697,A12
59281910,C0
61134687,E4
59364250,C6
60992487,C6
59283070,E0
60992486,E16
59743627,E14
59688703,A16
59293380,A6
59328010,D2
59326787,A14
59363037,F16
59688705,D14
59301859,D18
59330761,D10
59298695,D16
62992830,B14
61230578,C8
62176145,A2
61259768,F2
60692996,E4
63041160,B6
61297921,F0
61230579,B18
60692975,F0
63041170,C6
63041154,C4
62764279,D2
62348193,D14
60692987,D0
62124223,C8
62764321,A16
61923379,F6
60970922,D8
61297920,A0
63013414,C4
63041157,A8
60064420,E14
60692950,E16
60970921,B2
62747519,E8
59309994,D18
60594839,F18
61205562,E2
60064416,D2
62747523,D16
62747552,B16
62764283,E8
62764328,D12
61008949,E6
60692941,B0
62747538,D14
61259763,F2
62409023,F2
61230573,A6
60970915,E2
62124236,A4
62764320,D6
62821760,D12
61774004,F14
62031005,C16
61923382,F10
60692944,C16
60911419,B4
61898004,D12
61787996,D6
62747524,E6
61774005,D10
60739274,D16
62582852,E10
62124222,C10
62124245,E12
62961712,C8
62961730,D0
61205559,B12
60692982,E8
59364409,A8
59364407,C18
60730158,D6
62124224,E18
62176150,E8
60692967,D2
59307105,D0
59331167,F8
61230583,A12
61205552,B12
62124244,A6
61774008,E0
61250867,A12
62124219,B18
59364408,E18
61297914,D6
61188059,B14
62764281,B6
62764322,D6
59329648,E14
59719924,E6
62764344,B0
59326694,A10
62462426,E14
62462429,A2
60794734,D4
60794736,D0
61269084,C8
62124231,F12
61205566,E12
63013416,D8
63041162,B6
62462432,C14
62124209,A0
62124208,F12
62462438,D16
60970918,F2
60637021,E10
60637022,D6
60637032,A0
62124221,F0
62398844,C10
62764288,B8
62764343,F12
62764300,D0
59364405,C12
62409013,D4
61008940,A8
61205569,A12
62409031,C8
60730161,A6
62124240,E8
61250865,E18
62747526,E4
59307193,C6
61205510,B18
62031012,D0
62124213,B16
59551850,A14
62124210,C2
62764306,E10
61444020,F14
59285130,E0
61230581,F12
62387164,B18
61205572,F6
59330230,A18
61787939,B8
62124220,A12
62124242,A4
61710131,C10
59299680,B4
59330777,D6
61297911,A18
62124228,F16
62409037,D16
61250876,B6
59364285,C14
62764296,C14
60794725,F14
60794737,E16
62387149,E12
61287474,A14
61164831,D10
61164843,C18
59537415,B10
62747530,B10
61205522,A2
62124207,E10
61425086,E4
62124229,A8
62124216,A10
62031009,F18
60970938,F0
59775914,B12
61002131,F6
61425090,A6
60618225,E6
60730159,E12
60618219,D10
59283227,E10
62124241,D8
62764282,D6
62764284,F0
62764299,B12
62099799,C6
62124214,E18
62022668,B14
59293346,F18
62747546,B6
62387150,E6
61444021,E14
60794732,A18
60794733,E0
62387143,B18
59328155,F8
60546937,A16
59719920,A10
59901192,E4
59290813,F10
60730157,C2
62462405,C2
61787949,A6
60794731,C14
61164842,E10
60794723,B12
59330779,E16
62031008,A6
59364413,A12
59328857,A18
60692990,F4
61425095,D10
59302550,A4
59537456,F2
61787964,F10
60721775,B16
59364403,D16
61023872,B6
62747543,A16
62124239,E6
62747535,C8
61787959,D16
60618230,E6
62462403,E6
62830640,B8
59309788,C0
62099797,F8
61549838,F2
62764298,E16
62821759,F10
61230574,A0
61205551,E8
60049223,C4
59422650,D4
61205564,C8
59305306,D10
62532067,D2
60757342,A4
59537423,D10
62747553,F18
59305337,F8
61002139,F2
59298659,E16
61787957,A16
61787955,E0
60970953,D8
60618240,E10
59310277,A16
61188045,F14
59292611,D4
62747555,C2
61765554,B8
62124218,D16
61787961,B16
59305346,B8
59305429,A8
61787944,C12
61205558,A2
62511224,E4
59324409,A2
59298729,D12
61205543,A10
59364256,C4
59363967,F0
60094670,F18
62124246,C10
61425113,E8
61710115,B14
59302521,A6
61205544,D0
60204775,A2
59326788,A18
62747521,B0
59494842,F0
62124215,E14
61923389,D2
59775881,D4
59917198,B14
61425115,A0
62511206,B10
62511217,B18
59327709,A14
59654793,B2
59998150,B16
60794691,E16
59294265,A0
62747536,B14
59305294,A0
62387144,E12
59537461,B10
60094659,D10
62022654,C8
59537442,A8
59309296,A14
59395800,B0
61787956,C10
62099795,A2
59306462,D12
59807574,E18
61425098,C8
59818450,B2
60375171,D0
59551872,F2
61787962,B10
59302341,E16
61787951,F8
61411283,D2
60970931,F2
59329347,F0
61787919,F2
59308636,A14
61674211,F6
62031007,A2
59298693,D6
61259764,E6
62599021,C16
59297252,C16
61188006,A12
59301359,A18
59309293,E16
59290224,B14
59305360,D4
61002133,D16
61710123,C14
61787929,F2
61787958,C0
59306446,B2
59309870,A6
61923390,B6
59459589,C0
59309810,E14
59486882,B14
59537439,B18
62599022,C18
60692974,E6
60219552,A4
62409036,B16
59310642,C18
59293427,F0
61923387,F14
59296319,F0
60692954,D10
61287472,A2
61287478,D8
59302699,D18
59331276,E8
61462086,F16
59293308,E12
61995494,D6
60331889,C4
60898650,F12
59537401,D16
59775899,F18
59292113,F8
62348188,E2
59302545,C4
59307104,A10
61710133,B14
59688661,C18
59304029,C16
59537470,C14
59306289,C14
60204758,A16
61393653,A0
59293430,A18
59364410,C16
59285129,C18
60721757,E14
60794745,E18
60499929,A18
59305381,D14
59422666,C8
59293312,F18
60379922,E2
59307785,F0
60049226,E12
59719974,E4
59818458,C18
60078695,A10
59302371,F8
59775911,C2
60094702,C10
61008950,C0
61710111,E4
61710125,C14
61787933,E18
62764280,F10
61425103,B10
60331959,D16
61205567,B4
59293436,C12
60219545,F0
61205531,C16
61710128,F12
59364406,B10
59719969,C18
60656265,A14
61787972,F8
59537419,E8
59985174,E8
61787954,C8
60078726,D10
59283068,E12
59282915,C10
59551835,D16
59300016,D6
59719918,B10
59300017,F16
60078702,B4
60317835,E2
59331139,E8
61297904,B16
62124237,F6
62747517,F0
60618245,F6
60656264,F14
61214730,B0
59310639,E0
62599023,D6
60094673,E10
59299165,B0
60618220,D2
61787937,B14
62124191,A12
61787969,A4
61205563,E2
59537418,B12
60879234,F0
61787918,A8
60656291,D4
61788009,D4
59309423,A0
61549833,F8
60094661,C10
60898641,D12
59525561,A12
62156685,C4
59486879,B6
60204796,F10
60583832,D2
60970933,D6
59537441,A4
62747542,C2
60241928,C16
61832326,C10
61787938,B4
61297916,E8
59309801,C14
59304371,E16
61069429,F6
59304873,E2
60594812,B14
59310605,E6
61297908,A14
62409038,C6
61787963,F4
59300102,E10
61787952,B14
59320643,F14
60094705,F4
59304521,D14
60034119,D14
60219549,E18
60794735,E0
61787945,B6
62042780,F12
62511227,E18
60317845,D2
60656261,C2
60078736,D2
59327075,C10
59688693,B0
61923384,D12
60692977,F0
59293162,D12
59373624,D4
59310058,D14
59329831,A6
59364383,D8
60094731,D14
60618210,E16
60794740,D10
61425104,E4
59297154,A12
59551836,F4
59688673,E10
59330752,B6
60034122,B18
61205539,F8
60105879,E2
61205515,A14
59298648,D2
60204764,E8
59326766,B2
61205511,E0
62249457,B12
60618228,E0
59328218,C12
59328044,E12
60375173,B8
60692964,A0
61549837,F12
62747534,A0
59310587,B14
59305344,C8
60331958,F8
60094704,D18
62747531,D18
60204763,F16
60594838,F12
61774006,B0
59286570,D16
62099800,D12
59305378,A0
60594831,D18
61787941,A4
59298753,C8
59305549,A6
59321414,C4
59459591,A18
60094718,A12
61787950,E4
59775880,E16
60331910,D0
60331950,F12
61205565,C14
61269074,C10
59326813,D10
59309560,E18
59298519,F16
60194791,B6
60546936,A0
60911426,F0
59302727,D0
59363792,F6
60656262,C10
59459592,E0
60594800,A14
61205568,A10
59688669,C18
61444023,D18
60594806,A18
61995486,F16
60618206,B14
59293311,D16
59307946,D4
60757343,E0
60331952,B10
59304023,D16
62124247,C10
60618236,C8
59328048,E0
60094663,D2
59303123,E0
60094686,D4
61923386,E18
59537426,A16
59860014,F18
61297901,B8
61462090,D4
62747541,C14
60094695,A16
60656278,D8
59302695,F10
60094709,B2
59305475,F12
59284992,C16
59326948,B6
61787966,E2
59294267,E18
59330805,A0
60794739,A4
62764297,F14
59459615,E8
59297022,E2
59310589,C12
59373614,A8
59330613,E0
61595897,C10
59654777,E2
61205561,B16
59302586,C8
62124206,C2
59309547,F0
59551858,C0
61002137,D14
61205540,C8
62747550,E6
61164854,A18
59373603,C6
59551853,E10
60317864,A14
60879231,C6
59775872,F10
60331915,F12
59537482,E14
60094714,F14
59321910,A6
59289205,E16
60317837,E4
60331895,F10
62348192,A8
59309806,C8
59293478,C4
60034111,C10
60970941,B16
59305380,C16
60204757,A6
60331887,B18
61164850,C4
59301068,A8
60794743,A4
61411288,D0
59363638,A4
59373615,C0
60094724,B6
60594772,F10
60094681,A14
59307187,E16
59537432,E12
60331956,B14
59310644,C14
60636982,E12
60970944,C2
62747548,B10
61069428,C6
62348189,F12
62348190,C2
59654803,B16
61787984,E2
59310646,E10
60970958,E2
59293426,D14
59308717,B0
59364419,D18
61241406,B4
62747549,C0
59309802,D2
60317839,A2
62031013,A6
59373606,D18
59302523,C2
59302668,F4
59373618,A18
61125199,A4
61787920,D16
61425118,E4
61462087,A2
62387129,B4
59293440,C4
62348187,B2
59288344,A2
59688665,D10
60094665,E4
61995477,B16
61241403,B18
61787965,B14
62747539,A10
59734459,D18
60204774,D6
59292910,B16
59302723,A18
59743622,E14
60375175,C2
59305354,A16
59328454,B6
61002138,D14
61462091,C10
59306027,B4
59309820,A12
59459575,A4
59310495,A14
60094711,F18
60331892,E14
61411281,F10
59326340,F12
59307585,E10
59310275,D14
59688681,D16
59303072,D0
59328037,B6
59688682,A0
59284577,F14
60094713,B10
60204762,F8
59297211,F6
59327071,D4
60094666,C2
60317859,E6
60757349,D4
60297246,E0
60331922,D0
61205528,C6
62747527,C4
59304296,C18
59327953,B10
59494853,D16
59537474,A14
59654781,B12
60078723,F4
60331888,A4
60331936,D2
60331945,F8
62747537,E8
59327954,B4
59654754,E6
59743618,A14
60375180,A16
60970943,B8
59288482,C16
60637018,E18
59537469,B18
60794744,F8
61008947,D14
61312055,E8
59310608,C10
59326767,F4
59422665,C12
59743650,B4
60594771,A14
60943984,B10
59305238,C4
59331038,D4
59298690,B10
62747533,B4
59294246,F12
59326706,E18
60806559,A8
61205553,D16
59459567,D2
60331955,B14
61205555,F10
59299676,E16
60594787,C16
60317836,E2
60331891,F16
60594762,E8
60794694,D16
59326425,E6
59330749,A0
59818469,E0
60499938,F10
60618212,E2
61205529,E16
61444016,C16
59293438,F14
59373619,B10
60331906,D8
60594821,B16
60794730,F0
61787936,C10
60317843,E8
60692970,F10
59327214,D12
60594815,C16
62348191,E10
59328208,D18
59296385,A14
59327061,E12
59328452,B10
59719923,E6
60094694,E4
60594837,A12
61188003,C4
59308514,C14
60594829,E12
60609076,B2
60665646,C2
60794695,A6
61205545,E16
59309295,B0
59422651,B16
60204765,D4
61297910,F0
59293249,C12
59373608,B8
59459570,C4
59551857,B8
59846583,E16
60331916,D18
60594811,C6
61023871,F12
62124212,B10
59306025,A14
59328606,A16
59537409,F10
61205537,D16
60283460,F0
60794715,F0
61008946,B14
59299678,A8
59301795,B12
59303866,A6
59303948,B12
59322062,C2
59654783,D12
60594834,D2
61425101,B2
59310514,C10
59459549,B18
60078697,C14
60656269,E2
60757339,F8
62176182,F18
59298585,C14
59305386,C16
59734436,F0
59734451,A0
59846566,B8
60739265,F12
60794705,C16
61205570,C10
61787935,B4
62124235,F18
59293439,F18
59295746,A8
59494833,F16
59719981,E16
60594773,B14
60594825,D14
60644664,A8
60970945,F2
59294939,D16
59298694,F2
59309300,A16
59459577,F0
60618223,B10
60656273,E0
60692965,C10
62747545,A18
59537440,E4
59818475,A8
60219546,B12
60297238,E4
60331941,C4
60970913,B18
61787995,B4
59310630,A4
59364326,F6
59743644,E8
60204787,E4
61241402,D14
59284039,E12
59296244,A10
59298796,C18
59303944,A18
59422662,B16
59537471,F6
59775908,B14
60094696,D12
60460402,F4
59286815,D8
59327643,B6
59329903,F4
59330746,D8
59459569,E16
59551876,A16
59688680,D14
60078715,D6
60078722,F16
60594788,B2
59300095,B10
59310641,B8
60331913,D4
60331961,C12
60594765,B18
60636983,A6
62124232,C14
59293340,A8
59301200,D10
59305345,D10
59363965,C6
59364279,F10
59846581,B18
60317850,D10
60331893,E12
60331935,C6
60594798,A6
60778270,C0
60794699,C8
60794724,E8
61023901,A12
59422655,C4
60034118,F14
60317834,F2
60692947,B14
61164853,B0
59298613,A12
59302434,A14
59306290,D6
59546553,F14
59743655,E16
59807578,F12
60094667,C8
60317854,F14
60594795,D6
59298689,E16
59299675,A6
59302517,B0
59309549,F18
59331256,F12
59459568,E2
59494863,B18
59537452,E16
59551870,C8
60049228,F16
60331894,C4
60609086,E4
60618213,A12
60656270,B10
60778271,E8
60898651,C16
60970924,D18
61411282,E18
61425084,B8
59297033,F4
59298587,D18
59303957,D8
59305355,B0
59305425,C16
59310618,A6
59326510,B10
59422654,A4
59459545,A16
59459565,F6
59459572,E8
60078699,B12
60078719,A6
60094687,D4
60309973,B14
60331931,D6
60583837,C2
60594810,F16
60618209,B18
61205571,B14
61393654,E8
61787940,E0
59278482,E8
59286397,A12
59297547,B0
59302435,E14
59303947,D6
59330830,E14
59551856,B18
59688668,A8
60656274,B16
61188053,F16
61205541,F10
61411279,F0
59307790,A0
59309565,C2
59309790,C8
59309834,A2
59310169,D10
59310607,F8
59327265,A14
59330353,E6
60094689,B18
60094729,D6
60317863,F12
60594782,C2
60594833,D4
60609079,C8
60656259,E16
60840946,A16
61164834,B6
61205533,C4
61462084,F10
61787921,C0
59289486,F10
59302456,B10
59306456,C6
59327062,A14
59363429,C4
59514838,F0
59537403,C12
59537457,E10
59654791,D2
59688684,E18
59807575,C16
60078724,E0
60078735,E0
60283462,C10
60297244,B18
60331923,F0
60594820,C14
60594832,C8
61188037,D2
61312067,E18
61549835,C4
59310648,A14
59326597,E12
59654789,B6
59719932,C0
60078704,F14
60094693,D14
60331908,F0
60331925,A18
60375178,B6
60594775,C12
60618243,A0
60721753,A2
61787942,B0
59292733,F2
59302073,C2
59302077,D4
59309587,C0
59310439,F2
59310546,D12
59323947,C10
59459546,B10
59459550,F4
59459552,D8
59537424,E12
59551866,F0
59743623,B12
59743625,C6
59818448,F0
60078716,C2
60094668,C12
60297229,F4
60297248,C8
60692948,D12
60970954,E18
61112060,A10
61393657,A4
59299663,B18
59303558,E6
59309941,E4
59330565,E14
59331196,F0
59373607,C2
59551865,F6
59654788,B12
59719972,A6
59761745,A2
59867833,F14
60094680,F0
60094697,F8
60331943,B16
60331962,B4
60594770,B14
60594786,D8
59300104,D8
59305359,E4
59307791,D2
59308568,E2
59309931,C6
59328245,A8
59459536,B18
59459584,A0
59537454,C12
59719967,B2
59743657,A10
59867831,A16
59985172,B4
60594817,B8
61188012,A12
61595900,F14
61619847,D12
59293313,E6
59293341,A8
59293353,E10
59293396,A12
59297031,E6
59298732,C10
59302724,D10
59307293,B10
59325086,F4
59326949,B18
59327070,F18
59327641,F18
59330827,C2
59459574,E14
59719917,F16
59818457,F10
59985171,A0
60034115,F0
60094708,B14
60105888,E18
60309971,E6
60594764,E12
60594809,B8
60594835,C10
60636997,E18
61444022,B8
59291258,A4
59302630,E2
59309804,C2
59309847,E4
59537458,B0
59654790,A2
59688689,E18
59743649,C18
60219551,D12
60283459,D2
60331940,A2
60594777,A10
60594808,F12
60692956,A4
60794714,E14
61205538,A8
59292068,B14
59292612,A16
59293391,D18
59297319,F12
59297548,F6
59303124,F4
59306287,D4
59309546,A18
59310496,A0
59310593,E12
59326548,A6
59326652,D6
59327938,A4
59330756,C18
59422657,E18
59459580,A4
59688667,C0
60331957,E16
60594824,E10
61164856,A16
62409034,B6
59293442,E8
59298633,F18
59298634,C18
59302612,C0
59305307,E16
59309566,A16
59309578,B8
59310620,F8
59326508,F2
59328219,C10
59422653,E12
59494839,B14
59537413,B2
59537420,F18
59719938,F0
59719960,B16
59734458,A16
59775887,C12
60078703,F14
60094688,D16
60297249,C6
60331898,F10
60331905,D8
60331924,D12
60637017,C0
60794722,A16
60970927,A18
60970950,B12
61057345,E10
59289237,C16
59296694,A10
59302697,E16
59307301,B0
59307898,B4
59308511,E16
59309865,F16
59310617,D4
59326509,F12
59385533,C4
59459562,E8
59537445,D0
59654786,B16
59688686,C8
59867830,D10
59961596,E12
60094664,E18
60094682,A6
60094707,E6
60204795,E6
60219548,A16
60331896,B4
60594819,B4
60656271,F14
61269069,C0
61297917,D12
61425096,F0
61444019,F12
61788001,B0
59278448,F14
59284263,C12
59307200,C12
59309584,A18
59310610,C18
59327211,A0
59327699,D14
59329348,A4
59331250,F4
59363135,A12
59373612,E12
59422652,E4
59551855,C12
59551860,A6
59654755,E0
59654778,A12
59818463,B12
60078725,F8
60094656,B0
60105873,D2
60594828,E2
60840948,E16
60879235,C18
60970934,E10
61205542,D14
59295715,C0
59298696,D18
59302669,B6
59303870,C16
59305389,C0
59306409,F10
59329910,C16
59329951,B12
59459529,F0
59459564,E4
59551849,D2
59551851,C8
59654787,C14
59688670,B8
59998146,B16
60094710,C8
60317861,A2
60375176,B16
60594826,B2
60630508,A8
61002134,A6
61312056,A16
61787931,F18
59284872,E12
59292972,E16
59297590,A6
59298691,D12
59302345,B18
59303946,E4
59309563,D16
59309573,B16
59310154,A0
59310554,E2
59327060,A16
59327707,E16
59363247,B4
59363424,F4
59364416,C12
59364417,B10
59459538,E2
59459579,D18
59719976,E0
59719983,B16
60078728,B0
60105878,D16
60204782,A2
60241932,F6
60309962,F14
60331929,E6
60692986,E12
60794706,B18
61188002,F2
61188025,E2
61188054,E12
61411278,B0
59293390,E4
59293612,A4
59301499,D6
59302522,E14
59302611,E0
59303078,D6
59303956,D12
59308637,B6
59309991,C14
59364289,F6
59459573,C8
59551869,F12
59654794,F12
59688660,F10
59734447,C4
60094722,C10
60204805,E10
60331897,C2
60594760,B10
60594807,B12
60594813,C14
60618250,E0
60757333,C12
60757344,A4
60955846,F10
61023875,A0
61188027,D0
61205550,C4
61411276,C14
59284114,C18
59288964,A6
59292605,F18
59295717,E12
59302370,C12
59304028,A6
59305291,B8
59305314,E4
59305451,F14
59307191,F6
59308639,B12
59329679,B2
59422658,B8
59459541,C0
59459566,B16
59537444,D16
59537449,A8
59551873,E14
59688663,D18
59719958,C8
59719982,D16
59743630,D18
59775888,B2
60034123,C12
60049227,B18
60204799,E8
60499925,D18
60594814,B14
60609080,B4
60692958,A2
60692961,A8
60820352,E12
61188023,A4
61188052,D2
61525205,A12
61595906,F16
62256834,A10
59290182,C18
59291377,D6
59297038,A4
59297544,F16
59301271,C16
59302372,A14
59302725,A0
59303868,F0
59304021,E6
59305395,D2
59309851,A18
59327999,E18
59329346,F10
59330625,C16
59364247,F10
59459540,B12
59459557,C8
59459563,D6
59537414,E16
59537436,B12
59537451,C8
59743643,C16
59972166,C0
60078701,E6
60105872,A10
60331890,E0
60331930,C14
60331949,F8
60546939,A2
60594840,E8
60637019,A8
60665643,E2
60692976,A16
60757341,B10
60794696,D10
61995493,C18
59286704,B8
59290215,F18
59291164,B14
59293389,F8
59296798,E16
59298632,C18
59304295,D10
59309574,E6
59309807,A10
59310612,C18
59327264,D14
59330831,F12
59363412,F16
59373610,E4
59459537,B14
59546552,F12
59551863,C8
59551874,E14
59654759,D8
59654773,F10
59688702,D4
59719934,A2
59719971,D0
59719973,A8
60049220,F8
60105884,B4
60204756,C16
60297239,C18
60297247,D14
60594799,B2
60636987,C18
60665638,E8
60739271,D12
60757335,A0
60970946,F4
60970955,F2
61002130,E18
61411289,E2
61411293,E14
61787917,E14
62348195,B12
59297322,E18
59298671,D14
59299732,B0
59302548,A2
59302692,C6
59305237,C4
59305289,B14
59305368,E4
59307643,C18
59307646,D12
59309246,A10
59309904,E6
59309933,E12
59319301,F14
59320493,E16
59327902,D16
59330796,C4
59362603,F16
59364255,E6
59373616,F10
59459542,A18
59459581,C10
59546547,F12
59654796,E6
59688675,D8
59688696,D2
59719931,F8
59818466,E2
60204790,F16
60309964,B4
60594766,F6
60594784,B16
60594792,D2
60594822,C14
60618222,B8
60637016,B14
60692945,E8
60692957,C2
61188014,B14
61188039,D8
61188046,F8
61188049,A8
61205513,F6
61205557,E6
61444015,F16
61595905,E10
59282903,F14
59291264,A10
59293446,C10
59298579,F12
59298650,D12
59300772,B0
59301852,D4
59302514,F0
59302525,B14
59304464,B8
59305296,C16
59305311,F16
59306343,B10
59310176,A4
59310179,F4
59310452,B0
59326495,C8
59327072,B12
59327252,E10
59329833,E4
59364318,E0
59373613,A12
59395802,B14
59459544,C6
59486885,D18
59494864,D8
59494868,E8
59654780,C0
59688706,D6
59719985,A14
59734437,D2
59734439,D4
60078720,E18
60094706,B18
60105885,C6
60204773,F0
60594763,F10
60594776,E6
60594785,E6
60618231,E10
60637011,C12
60692940,F4
60721751,D0
60794717,D18
60970919,A12
60970939,F4
61188013,B12
61188029,D18
61188047,A10
61250872,A4
61787916,E2
62409035,F16
62747518,E6
62747532,B8
59284380,B10
59293381,D4
59296381,E6
59298795,B2
59299658,B6
59300711,F12
59300774,E4
59301484,C18
59301493,D18
59302346,E4
59302369,E2
59302546,D16
59302946,C0
59306452,C4
59309545,C8
59309567,C14
59309590,A10
59309830,C10
59309956,D2
59310177,D6
59310579,E8
59320495,D8
59324823,B0
59326499,A8
59326819,A10
59327260,D0
59328157,F0
59331262,D12
59363520,B14
59364313,E4
59459561,B6
59486878,D8
59551862,E18
59551871,D0
59654772,C12
59654785,F6
59688658,A2
59688662,D12
59688672,F6
59719916,F8
59719927,E10
59719984,A14
59734456,F8
59743656,F10
59775904,F14
59807576,F2
59807577,E14
60020313,E18
60049222,F18
60078737,F16
60094654,F4
60094679,F18
60094701,A10
60094703,D4
60105881,D6
60204781,C8
60241931,D8
60283458,B8
60317838,A2
60331917,C10
60331948,E12
60594767,B14
60594802,E16
60618224,B16
60618234,F16
60636980,F10
60636998,D8
60665645,F8
60692972,F2
60721752,C4
60739270,B0
60778278,E2
61002126,F14
61002136,A12
61008951,F0
61082068,D0
61082069,C0
61188005,D0
61188041,F0
61205514,D12
61297913,D16
61425102,A10
62747525,D8
59278931,D18
59280842,A12
59284306,F8
59285203,E14
59286478,F4
59286650,A8
59286816,A2
59286818,E2
59286819,A8
59287465,D4
59288965,A10
59289148,F2
59289151,F12
59289207,D4
59289601,D16
59290217,A8
59290461,F2
59291166,B8
59291260,B0
59291261,E8
59292412,D10
59293310,A12
59293343,E10
59293400,F18
59293402,C12
59293403,E16
59293404,F2
59293434,A16
59293441,E6
59293475,D12
59293556,F12
59294938,C8
59295015,F8
59295100,D8
59295664,D2
59295720,B4
59295721,C18
59296042,C6
59296248,F2
59296326,E4
59297040,C4
59297155,D12
59297212,E14
59297214,F10
59297323,C12
59297324,A2
59297533,D2
59297537,C12
59297545,D10
59297546,C4
59298235,A2
59298651,D2
59298683,C18
59298687,B4
59298688,E0
59298754,A4
59299187,C10
59299343,F0
59299664,B10
59299677,C16
59299808,F0
59300461,A18
59300674,F12
59300675,A2
59300678,C2
59300681,D18
59300708,C6
59300710,C16
59300712,C2
59301054,B14
59301089,A6
59301099,D10
59301482,C8
59301492,A4
59301500,D0
59301723,D4
59302013,C0
59302076,C6
59302428,B4
59302439,B0
59302509,D16
59302512,E4
59302520,D6
59302527,B6
59302535,F12
59302537,A16
59302540,A18
59302541,F6
59302544,C14
59302588,A16
59302666,B10
59302667,C14
59302670,B4
59302671,E8
59302705,B4
59302751,B8
59302755,F10
59303085,D8
59303190,B18
59303355,E8
59303590,B8
59303867,C8
59303950,C6
59303951,E2
59304362,B2
59304369,D6
59304554,A14
59304741,D12
59305091,D10
59305285,D6
59305362,C6
59305426,A12
59305452,D14
59306026,D16
59306285,C16
59306288,C8
59306442,C2
59306443,C0
59306451,A4
59306458,C12
59306459,C10
59307106,E10
59307644,B14
59307788,D14
59307806,F10
59307896,B4
59307900,E6
59307948,D16
59308076,C0
59308509,C8
59308720,C8
59308780,C6
59309297,D8
59309421,E14
59309422,F2
59309543,E18
59309544,B14
59309562,C0
59309572,B4
59309579,A0
59309580,D0
59309586,B6
59309591,A6
59309592,C16
59309595,C6
59309736,F0
59309793,D6
59309833,B14
59309836,B0
59309842,E14
59309843,D16
59309855,D14
59310004,E12
59310022,E16
59310059,F10
59310092,F6
59310153,C4
59310155,A6
59310178,D2
59310180,E10
59310232,D14
59310276,E0
59310449,E8
59310545,F14
59310566,D4
59310577,C4
59310580,D0
59310582,E12
59310592,D10
59310595,D6
59310600,B16
59310601,E8
59310604,D10
59310609,C16
59310615,D6
59310629,E2
59319298,C10
59319300,A8
59319612,E0
59323987,A6
59324774,B10
59324775,D12
59325866,C12
59326337,E16
59326430,D2
59326496,C10
59326500,A14
59326596,B12
59326599,D12
59326600,B18
59326601,C4
59326608,C18
59326651,D10
59326693,C18
59326791,F0
59326809,A6
59327063,D12
59327198,F8
59327257,C0
59327261,D18
59327263,E12
59327551,D2
59327676,B8
59327689,E4
59327696,E10
59327711,C2
59327893,F2
59327920,B18
59327921,B18
59327964,B12
59327976,B14
59328047,F4
59328122,A6
59328156,C4
59328181,A2
59329007,B10
59329830,F2
59329837,C12
59329908,F2
59329950,A10
59330748,F4
59330753,B10
59330754,D14
59330783,F10
59330784,C4
59330787,F14
59330788,D0
59330795,A6
59330797,E2
59330825,A14
59330826,F18
59330828,F10
59330834,F0
59331037,A8
59331039,A8
59331138,C14
59331197,A0
59331257,B6
59331265,E12
59331268,D14
59331275,F16
59331278,B2
59331283,F14
59362905,C16
59363153,E18
59363420,B12
59363722,A10
59363935,A8
59363963,B18
59364253,B14
59364257,D14
59364258,F4
59364259,B10
59364269,C14
59364272,C14
59364319,A6
59364387,B2
59364395,A18
59364411,A0
59364414,C16
59373604,F14
59373605,C8
59373609,D16
59373617,C2
59385535,B14
59422668,E10
59459535,C6
59459547,A16
59459558,A8
59459560,D8
59459576,D2
59459578,A10
59459609,A6
59459610,F6
59459611,D10
59459617,E18
59486881,B10
59494840,B4
59494841,A8
59494857,A12
59494866,F18
59494867,D16
59494872,F16
59494883,A14
59494884,A0
59525560,C0
59537398,C12
59537399,C12
59537400,B12
59537402,F18
59537407,B10
59537412,E8
59537435,E0
59537450,E8
59537455,E14
59537459,A6
59537462,E0
59537468,F14
59537472,B10
59537475,D18
59537478,C0
59537479,D18
59551838,F2
59551840,C10
59551875,C12
59654753,E12
59654760,E16
59654774,B14
59654775,F6
59654779,D8
59654784,E2
59654792,B0
59654795,A16
59688664,C12
59688685,D8
59688687,D10
59688690,B10
59688695,C18
59688697,C4
59688700,E6
59688701,A0
59688707,C18
59719922,F8
59719930,D0
59719941,F2
59719943,F8
59719944,C2
59719946,C2
59719947,C16
59719949,F4
59719956,B2
59719961,E18
59719962,B12
59719970,B2
59719977,D14
59719980,D14
59734441,E10
59734457,D18
59734460,A0
59743615,A0
59743616,A8
59743620,C14
59743628,C16
59743631,B2
59775867,D0
59775875,B18
59775878,A2
59775883,A6
59775885,C8
59775891,B16
59775900,E10
59775903,D6
59775905,D16
59775910,E6
59775918,D12
59775921,A0
59818451,D16
59818452,A8
59818453,B10
59818470,F8
59818471,A16
59818472,A6
59818473,C4
59846571,E10
59846575,E2
59846577,A10
59846579,C6
59846582,C14
59846584,C2
59846585,D16
59860010,E8
59867834,E8
59901191,F10
59985169,A2
60034113,E16
60034116,C16
60034121,F8
60064414,E10
60064415,F16
60078696,A8
60078698,F16
60078700,E0
60078705,F18
60078708,B16
60078709,C4
60078717,D2
60078721,E12
60078727,F2
60078729,E12
60078731,B0
60078733,C8
60094657,D10
60094658,F2
60094660,A10
60094662,A6
60094671,D18
60094672,C4
60094676,B0
60094684,C0
60094700,B18
60094715,F4
60094726,E8
60094727,B16
60094728,F12
60094730,F2
60105877,E8
60105880,F0
60105882,B12
60204755,E0
60204761,D2
60204766,E16
60204767,C0
60204783,B6
60204788,F16
60204801,E6
60219544,B14
60219550,E0
60236051,A2
60241923,E8
60241925,F8
60241933,E14
60241934,E0
60241936,B10
60283461,F10
60297232,C6
60297237,B10
60297242,B8
60297243,E2
60297245,B6
60317833,C2
60317840,F4
60317841,D8
60317842,C18
60317851,E8
60317856,A16
60317860,D2
60317865,F0
60331899,A8
60331902,B18
60331904,F18
60331909,D2
60331911,B8
60331918,F10
60331921,C8
60331938,E12
60331951,D10
60331953,E6
60331960,F12
60379957,D14
60499922,B12
60499924,A18
60594768,A10
60594774,D2
60594780,E14
60594789,C8
60594797,B18
60594805,C16
60594816,C8
60594823,A16
60594836,C6
60609081,D14
60609082,E6
60609084,E0
60618208,E8
60618229,F14
60618233,E14
60618237,C10
60618239,B6
60618241,F12
60618242,A14
60618248,D6
60636979,B8
60636984,D0
60636999,F6
60637002,B18
60637023,F14
60637025,B14
60637031,A16
60637033,F8
60656260,E16
60656263,A2
60656267,D10
60665639,A16
60665640,E18
60665641,E2
60665715,B2
60692951,B12
60692960,B6
60692963,C18
60692966,B8
60692969,D10
60692984,C0
60692997,F4
60721745,E2
60721758,A16
60721760,F14
60721767,D8
60730156,E14
60730162,A18
60730168,D2
60757329,B6
60757330,E0
60757332,A6
60757345,C8
60778279,E0
60794689,E10
60794697,B8
60794718,B8
60794719,E14
60794720,A12
60794747,B0
60806558,F0
60806569,F18
60879230,E4
60898649,C8
60898653,B14
60955843,E14
60955845,A0
60955847,A0
60955848,B2
60955850,F8
60955853,E16
60955854,F18
60955855,D2
60955858,B14
60970908,B4
60970909,A8
60970910,A6
60970911,A2
60970912,C4
60970917,A0
60970928,C2
60970929,B14
60970949,F2
60970951,E18
60970959,A8
61002124,E4
61008938,A0
61008939,F2
61008941,B8
61008953,A16
61023876,F8
61023877,E16
61023878,A6
61023883,E14
61023884,F6
61023885,B12
61023899,B0
61082071,A6
61082072,F0
61099761,D0
61134689,F6
61134690,E8
61134691,B6
61134694,D12
61164839,E14
61164849,C14
61188004,C8
61188011,C18
61188015,C10
61188017,A16
61188018,C14
61188020,E14
61188021,D14
61188026,E4
61188031,B12
61188032,E8
61188035,E12
61188043,B2
61188050,D18
61188058,E8
61205519,F14
61205521,F8
61205530,F14
61205534,D0
61205536,D16
61205546,A0
61230575,D4
61230580,C4
61259766,A12
61287475,F18
61287480,C12
61287482,F14
61297915,C2
61297918,B8
61373222,D2
61373236,C18
61411290,C18
61411294,D12
61425117,C12
61444017,A14
61444018,F16
61462080,C14
61462082,D6
61462094,C2
61549839,E0
61595892,C14
61595898,E2
61595902,C4
61595903,A14
61619843,C6
61787915,C6
61787960,D14
61787981,A16
61787982,E16
61788002,C0
61851889,B6
61923392,E18
61966675,A0
61995473,E16
61995483,D4
61995505,E2
62031015,B16
62083058,C12
62099798,F2
62156684,E14
62176136,C6
62176137,A18
62218547,A16
62218549,E16
62332584,A18
62378837,F4
62532068,D0
62532069,B16
62668238,E12
62747522,D12
62747528,C2
62747551,D8
62747554,A4
62764295,A0
62830690,B2
62830691,E14
59985173,A6
61008943,F16
60879232,B2
59310590,C6
59818449,C2
60637024,E12
61008942,E0
61425093,E2
59297274,C16
59362906,C12
61259769,F4
61393656,C8
62747540,B18
59602042,B8
62747547,D6
59719950,A4
59373601,B2
62747544,D6
60692978,C0
59299733,C12
61787983,B18
61787953,B0
61008937,A6
59307096,A4
